training_iteration,reward_mean
1.0,0.6225516801811044
2.0,1.5021060394584325
3.0,3.5339438304541484
4.0,5.613611765508022
5.0,5.419689655862709
6.0,6.029566423526169
7.0,4.8615354975589815
8.0,5.105652538618663
9.0,5.502730341892291
