training_iteration,reward_mean
1.0,5.090890070056376
2.0,2.696935544118295
3.0,3.7139154730422135
4.0,5.2824736090612365
5.0,5.9532563754973475
6.0,5.218092727122808
7.0,6.480051450567103
8.0,6.572930946327896
9.0,6.70587660583967
